idEnvio,nombreProd,idCamion,destino,kmRecorridos,tipoEntrega,costoEnvio
4,Televisor,1,caba,90,2,4575
5,Pendrive,4,caba,58,0,3150
7,Radio,2,caba,69,2,3525
24,Cocina,7,caba,83,1,4570
29,Lavarropas,4,caba,116,0,6050
32,Cocina,1,caba,11,1,1520
33,Cocina,4,caba,19,2,1975
41,Televisor,5,caba,66,1,3720
46,Radio,6,caba,91,1,4970
47,Cocina,3,caba,64,2,3275
58,Radio,6,caba,67,0,3600
62,Plancha,3,caba,103,0,5400
64,Licuadora,5,caba,75,2,3825
71,Lavarropas,6,caba,99,2,5025
72,Radio,7,caba,89,2,4525
77,Licuadora,7,caba,68,0,3650
80,Plancha,1,caba,118,2,5975
81,Licuadora,7,caba,91,1,4970
85,Plancha,7,caba,76,2,3875
93,Pendrive,1,caba,17,0,1950
97,Radio,3,caba,109,2,5525
99,Cocina,2,caba,85,1,4670
102,Cocina,5,caba,77,2,3925
113,Cocina,2,caba,60,2,3075
115,Licuadora,1,caba,114,0,5950
121,Pendrive,3,caba,104,2,5275
126,Cocina,3,caba,94,1,5120
143,Plancha,1,caba,62,0,3350
149,Lavarropas,6,caba,94,1,5120
163,Pendrive,2,caba,51,2,2625
166,Cocina,1,caba,52,2,2675
178,Cocina,2,caba,85,2,4325
181,Lavarropas,2,caba,103,1,5570
187,Televisor,2,caba,73,1,4070
193,Televisor,7,caba,31,0,3350
198,Cocina,7,caba,59,0,3200
